
{
    "ContentConfiguration": {
        "CustomCSSFileUrl": "",
        "CustomJSFileUrl": "",
        "TemplateDefinitions": [
            {
                "Name": "gridMenu",
                "ClassName": "Template_gridMenu_example",
                "FileName": "gridMenu_example",
                "Inherits": "gridMenuDefault",
                "IsDefault": false,
                "Editable": true
            }
        ],
        "TemplateConfigurations": {
            "FileConfigurations": [
                {
                    "CMID": "Vertraege",
                    "FileName": "contentDefault",
                    "IsDefault": false,
                    "TemplateConfigurations": [
                        {
                            "FileName": "fileCoverDefault",
                            "TemplateConfigurations": [
                                {
                                    "FileName": "primaryDefault"
                                },
                                {
                                    "FileName": "menuDefault"
                                },
                                {
                                    "FileName": "importantDataDefault"
                                },
                                {
                                    "FileName": "masterDataDefault"
                                }
                            ]
                        },
                        {
                            "FileName": "quickSearchDefault"
                        },
                        {
                            "FileName": "tabsDefault"
                        },
                        {
                            "FileName": "gridMenu_example"
                        }
                    ]
                }
            ],
            "FolderConfigurations": [
            ]
        }
    }
}

